{
"lengthUnit": "mil",
"remark": [],
"components": {
	"fields": ["COMPONENT_NO", "COMPONENT_NAME", "LAYER", "X_COORDINATE", "Y_COORDINATE", "ANGLE"],
	"rows": [
		[1, "C1", "T", 490, 115, 90],
		[2, "C2", "T", 560, 115, 270],
		[3, "C3", "T", 765, 130, 270],
		[4, "C4", "T", 845, 125, 270],
		[5, "C5", "T", 660, 555, 90],
		[6, "C22", "T", 1168.435, 321.565, 0],
		[7, "C24", "T", 1068.435, 321.565, 180],
		[8, "C25", "T", 1145, 525, 90],
		[9, "CN1", "T", 1425, 265, 90],
		[10, "CN2", "T", 1445, 775, 90],
		[11, "D1", "T", 390, 80, 180],
		[12, "DC1", "T", 250, 710, 0],
		[13, "L1", "T", 1270, 55, 0],
		[14, "LED1", "T", 715, 830, 90],
		[15, "LED2", "T", 880, 825, 90],
		[16, "LED3", "T", 1055, 830, 90],
		[17, "LED4", "T", 1250, 860, 90],
		[18, "R1", "T", 395, 305, 180],
		[19, "R2", "T", 390, 165, 180],
		[20, "R4", "T", 795, 835, 270],
		[21, "R5", "T", 960, 835, 270],
		[22, "R6", "T", 640, 840, 270],
		[23, "R7", "T", 565, 415, 0],
		[24, "R8", "T", 565, 350, 0],
		[25, "R9", "T", 1170, 890, 90],
		[26, "U2", "T", 658.465, 114.9535, 180],
		[27, "U3", "T", 900, 545, 0],
		[28, "USB1", "T", 175, 230, 270],
		[29, "X1", "T", 1118.435, 216.565, 180],
		[30, "PAD1", "T", 1523.74, 664.77, 0],
		[31, "PAD2", "T", 1523.74, 885.23, 0],
		[32, "PAD3", "T", 1366.26, 834.05, 0],
		[33, "PAD4", "T", 1366.26, 794.68, 0],
		[34, "PAD5", "T", 1366.26, 755.32, 0],
		[35, "PAD6", "T", 1366.26, 715.95, 0],
		[36, "PAD7", "T", 1355.125, 383.105, 0],
		[37, "PAD8", "T", 1355.125, 324.055, 0],
		[38, "PAD9", "T", 1355.125, 264.995, 0],
		[39, "PAD10", "T", 1355.125, 205.945, 0],
		[40, "PAD11", "T", 1494.885, 70.115, 0],
		[41, "PAD12", "T", 1494.885, 459.885, 0],
		[42, "PAD13", "T", 1355.115, 146.885, 0],
		[43, "PAD14", "T", 698.955, 89.3635, 0],
		[44, "PAD15", "T", 698.955, 114.9535, 0],
		[45, "PAD16", "T", 698.955, 140.5435, 0],
		[46, "PAD17", "T", 617.975, 140.5435, 0],
		[47, "PAD18", "T", 617.975, 114.9535, 0],
		[48, "PAD19", "T", 617.975, 89.3635, 0],
		[49, "PAD20", "T", 658.465, 114.9535, 0],
		[50, "PAD21", "T", 268.505, 355.985, 0],
		[51, "PAD22", "T", 268.505, 324.485, 0],
		[52, "PAD23", "T", 268.505, 279.205, 0],
		[53, "PAD24", "T", 268.505, 259.525, 0],
		[54, "PAD25", "T", 268.505, 239.845, 0],
		[55, "PAD26", "T", 268.505, 220.155, 0],
		[56, "PAD27", "T", 268.505, 200.475, 0],
		[57, "PAD28", "T", 268.505, 161.095, 0],
		[58, "PAD29", "T", 268.505, 135.505, 0],
		[59, "PAD30", "T", 268.505, 104.015, 0],
		[60, "PAD31", "T", 246.855, 400.275, 0],
		[61, "PAD31", "B", 246.855, 400.275, 0],
		[62, "PAD32", "T", 246.855, 59.725, 0],
		[63, "PAD32", "B", 246.855, 59.725, 0],
		[64, "PAD33", "T", 81.495, 400.275, 0],
		[65, "PAD33", "B", 81.495, 400.275, 0],
		[66, "PAD34", "T", 81.495, 59.725, 0],
		[67, "PAD34", "B", 81.495, 59.725, 0],
		[68, "PAD35", "T", 343.835, 80, 0],
		[69, "PAD36", "T", 436.165, 80, 0],
		[70, "PAD37", "T", 490, 142.56, 0],
		[71, "PAD38", "T", 490, 87.44, 0],
		[72, "PAD39", "T", 560, 87.44, 0],
		[73, "PAD40", "T", 560, 142.56, 0],
		[74, "PAD41", "T", 765, 102.44, 0],
		[75, "PAD42", "T", 765, 157.56, 0],
		[76, "PAD43", "T", 845, 97.44, 0],
		[77, "PAD44", "T", 845, 152.56, 0],
		[78, "PAD45", "T", 660, 582.56, 0],
		[79, "PAD46", "T", 660, 527.44, 0],
		[80, "PAD47", "T", 715, 788.65, 0],
		[81, "PAD48", "T", 715, 871.35, 0],
		[82, "PAD49", "T", 880, 783.65, 0],
		[83, "PAD50", "T", 880, 866.35, 0],
		[84, "PAD51", "T", 1055, 788.65, 0],
		[85, "PAD52", "T", 1055, 871.35, 0],
		[86, "PAD53", "T", 795, 805.34, 0],
		[87, "PAD54", "T", 795, 864.66, 0],
		[88, "PAD55", "T", 960, 805.34, 0],
		[89, "PAD56", "T", 960, 864.66, 0],
		[90, "PAD57", "T", 640, 810.34, 0],
		[91, "PAD58", "T", 640, 869.66, 0],
		[92, "PAD59", "T", 1189.895, 321.565, 0],
		[93, "PAD60", "T", 1146.975, 321.565, 0],
		[94, "PAD61", "T", 1046.975, 321.565, 0],
		[95, "PAD62", "T", 1089.895, 321.565, 0],
		[96, "PAD63", "T", 365.34, 305, 0],
		[97, "PAD64", "T", 424.66, 305, 0],
		[98, "PAD65", "T", 360.34, 165, 0],
		[99, "PAD66", "T", 419.66, 165, 0],
		[100, "PAD67", "T", 725, 437.3, 0],
		[101, "PAD68", "T", 775, 437.3, 0],
		[102, "PAD69", "T", 825, 437.3, 0],
		[103, "PAD70", "T", 875, 437.3, 0],
		[104, "PAD71", "T", 925, 437.3, 0],
		[105, "PAD72", "T", 975, 437.3, 0],
		[106, "PAD73", "T", 1025, 437.3, 0],
		[107, "PAD74", "T", 1075, 437.3, 0],
		[108, "PAD75", "T", 725, 652.7, 0],
		[109, "PAD76", "T", 1161.745, 251.015, 0],
		[110, "PAD77", "T", 1075.125, 251.015, 0],
		[111, "PAD78", "T", 1075.125, 182.115, 0],
		[112, "PAD79", "T", 1161.745, 182.115, 0],
		[113, "PAD80", "T", 1145, 552.56, 0],
		[114, "PAD81", "T", 1145, 497.44, 0],
		[115, "PAD82", "T", 594.66, 415, 0],
		[116, "PAD83", "T", 535.34, 415, 0],
		[117, "PAD84", "T", 594.66, 350, 0],
		[118, "PAD85", "T", 535.34, 350, 0],
		[119, "PAD86", "T", 129.921, 932.439, 0],
		[120, "PAD87", "T", 129.921, 487.561, 0],
		[121, "PAD88", "T", 370.078, 497.404, 0],
		[122, "PAD89", "T", 366.141, 932.439, 0],
		[123, "PAD90", "T", 1250, 818.65, 0],
		[124, "PAD91", "T", 1250, 901.35, 0],
		[125, "PAD92", "T", 1170, 919.66, 0],
		[126, "PAD93", "T", 1170, 860.34, 0],
		[127, "PAD94", "T", 1242.445, 55, 0],
		[128, "PAD95", "T", 1297.555, 55, 0]
	]
},
"pins": {
	"fields": ["PIN_NO", "PIN_NAME", "PIN_X", "PIN_Y", "LAYER", "PIN_TYPE", "NET_NAME", "NET_TYPE", "PAD_SHAPE", "PAD_SIZEX", "PAD_SIZEY", "HOLE_SIZE", "HOLE_LEN", "PAD_ANGLE"],
	"rows": [
		[1, "C1_1", 490, 87.44, "T", "SMD", "$1N1712", "", "R", 31.496, 35.433, 0, 0, 90],
		[2, "C1_2", 490, 142.56, "T", "SMD", "GND", "GND", "R", 31.496, 35.433, 0, 0, 90],
		[3, "C2_1", 560, 142.56, "T", "SMD", "GND", "GND", "R", 31.496, 35.433, 0, 0, 270],
		[4, "C2_2", 560, 87.44, "T", "SMD", "$1N1712", "", "R", 31.496, 35.433, 0, 0, 270],
		[5, "C3_1", 765, 157.56, "T", "SMD", "GND", "GND", "R", 31.496, 35.433, 0, 0, 270],
		[6, "C3_2", 765, 102.44, "T", "SMD", "+3.3V", "", "R", 31.496, 35.433, 0, 0, 270],
		[7, "C4_1", 845, 152.56, "T", "SMD", "GND", "GND", "R", 31.496, 35.433, 0, 0, 270],
		[8, "C4_2", 845, 97.44, "T", "SMD", "+3.3V", "", "R", 31.496, 35.433, 0, 0, 270],
		[9, "C5_1", 660, 527.44, "T", "SMD", "GND", "GND", "R", 31.496, 35.433, 0, 0, 90],
		[10, "C5_2", 660, 582.56, "T", "SMD", "+3.3V", "", "R", 31.496, 35.433, 0, 0, 90],
		[11, "C22_1", 1146.975, 321.565, "T", "SMD", "OSC_OUT", "", "R", 31.106, 21.26, 0, 0, 0],
		[12, "C22_2", 1189.895, 321.565, "T", "SMD", "GND", "GND", "R", 31.106, 21.26, 0, 0, 0],
		[13, "C24_1", 1089.895, 321.565, "T", "SMD", "OSC_IN", "", "R", 31.106, 21.26, 0, 0, 180],
		[14, "C24_2", 1046.975, 321.565, "T", "SMD", "GND", "GND", "R", 31.106, 21.26, 0, 0, 180],
		[15, "C25_1", 1145, 497.44, "T", "SMD", "+3.3V", "", "R", 31.496, 35.433, 0, 0, 90],
		[16, "C25_2", 1145, 552.56, "T", "SMD", "GND", "GND", "R", 31.496, 35.433, 0, 0, 90],
		[17, "CN1_1", 1355.125, 383.105, "T", "SMD", "USART2_TX", "", "R", 33.465, 102.362, 0, 0, 90],
		[18, "CN1_2", 1355.125, 324.055, "T", "SMD", "USART2_RX", "", "R", 33.465, 102.362, 0, 0, 90],
		[19, "CN1_3", 1355.125, 264.995, "T", "SMD", "12V", "", "R", 33.465, 102.362, 0, 0, 90],
		[20, "CN1_4", 1355.125, 205.945, "T", "SMD", "GND", "GND", "R", 33.465, 102.362, 0, 0, 90],
		[21, "CN1_5", 1355.115, 146.885, "T", "SMD", "PGND", "", "R", 33.465, 102.362, 0, 0, 90],
		[22, "CN1_6", 1494.885, 70.115, "T", "SMD", "PGND", "", "R", 51.181, 74.803, 0, 0, 90],
		[23, "CN1_7", 1494.885, 459.885, "T", "SMD", "PGND", "", "R", 51.181, 74.803, 0, 0, 90],
		[24, "CN2_1", 1366.26, 715.95, "T", "SMD", "USART2_TX", "", "R", 23.622, 62.992, 0, 0, 90],
		[25, "CN2_2", 1366.26, 755.32, "T", "SMD", "USART2_RX", "", "R", 23.622, 62.992, 0, 0, 90],
		[26, "CN2_3", 1366.26, 794.68, "T", "SMD", "12V", "", "R", 23.622, 62.992, 0, 0, 90],
		[27, "CN2_4", 1366.26, 834.05, "T", "SMD", "PGND", "", "R", 23.622, 62.992, 0, 0, 90],
		[28, "CN2_5", 1523.74, 885.23, "T", "SMD", "PGND", "", "R", 47.244, 78.74, 0, 0, 90],
		[29, "CN2_6", 1523.74, 664.77, "T", "SMD", "PGND", "", "R", 47.244, 78.74, 0, 0, 90],
		[30, "D1_1", 436.165, 80, "T", "SMD", "$1N1712", "", "R", 39.37, 29.528, 0, 0, 180],
		[31, "D1_2", 343.835, 80, "T", "SMD", "DC_5V", "", "R", 39.37, 29.528, 0, 0, 180],
		[32, "DC1_1", 129.921, 932.439, "T", "SMD", "12V", "", "R", 78.74, 82.677, 0, 0, 0],
		[33, "DC1_1", 366.141, 932.439, "T", "SMD", "12V", "", "R", 78.74, 82.677, 0, 0, 0],
		[34, "DC1_2", 129.921, 487.561, "T", "SMD", "PGND", "", "R", 74.803, 98.425, 0, 0, 0],
		[35, "DC1_3", 370.078, 497.404, "T", "SMD", "PGND", "", "R", 78.74, 78.74, 0, 0, 0],
		[36, "L1_1", 1242.445, 55, "T", "SMD", "GND", "GND", "R", 31.496, 34.016, 0, 0, 180],
		[37, "L1_2", 1297.555, 55, "T", "SMD", "PGND", "", "R", 31.496, 34.016, 0, 0, 180],
		[38, "LED1_1", 715, 871.35, "T", "SMD", "$1N2373", "", "R", 39.37, 55.1, 0, 0, 270],
		[39, "LED1_2", 715, 788.65, "T", "SMD", "GND", "GND", "R", 39.37, 55.1, 0, 0, 270],
		[40, "LED2_1", 880, 866.35, "T", "SMD", "$1N2600", "", "R", 39.37, 55.1, 0, 0, 270],
		[41, "LED2_2", 880, 783.65, "T", "SMD", "USART2_TX", "", "R", 39.37, 55.1, 0, 0, 270],
		[42, "LED3_1", 1055, 871.35, "T", "SMD", "$1N2613", "", "R", 39.37, 55.1, 0, 0, 270],
		[43, "LED3_2", 1055, 788.65, "T", "SMD", "USART2_RX", "", "R", 39.37, 55.1, 0, 0, 270],
		[44, "LED4_1", 1250, 901.35, "T", "SMD", "$1N11228", "", "R", 39.37, 55.1, 0, 0, 270],
		[45, "LED4_2", 1250, 818.65, "T", "SMD", "PGND", "", "R", 39.37, 55.1, 0, 0, 270],
		[46, "R1_1", 424.66, 305, "T", "SMD", "GND", "GND", "R", 31.751, 34.016, 0, 0, 180],
		[47, "R1_2", 365.34, 305, "T", "SMD", "$1N355", "", "R", 31.751, 34.016, 0, 0, 180],
		[48, "R2_1", 419.66, 165, "T", "SMD", "GND", "GND", "R", 31.751, 34.016, 0, 0, 180],
		[49, "R2_2", 360.34, 165, "T", "SMD", "$1N352", "", "R", 31.751, 34.016, 0, 0, 180],
		[50, "R4_1", 795, 864.66, "T", "SMD", "$1N2600", "", "R", 31.751, 34.016, 0, 0, 270],
		[51, "R4_2", 795, 805.34, "T", "SMD", "+3.3V", "", "R", 31.751, 34.016, 0, 0, 270],
		[52, "R5_1", 960, 864.66, "T", "SMD", "$1N2613", "", "R", 31.751, 34.016, 0, 0, 270],
		[53, "R5_2", 960, 805.34, "T", "SMD", "+3.3V", "", "R", 31.751, 34.016, 0, 0, 270],
		[54, "R6_1", 640, 869.66, "T", "SMD", "$1N2373", "", "R", 31.751, 34.016, 0, 0, 270],
		[55, "R6_2", 640, 810.34, "T", "SMD", "DC_5V", "", "R", 31.751, 34.016, 0, 0, 270],
		[56, "R7_1", 535.34, 415, "T", "SMD", "USART2_RX", "", "R", 31.751, 34.016, 0, 0, 0],
		[57, "R7_2", 594.66, 415, "T", "SMD", "$1N580", "", "R", 31.751, 34.016, 0, 0, 0],
		[58, "R8_1", 535.34, 350, "T", "SMD", "USART2_TX", "", "R", 31.751, 34.016, 0, 0, 0],
		[59, "R8_2", 594.66, 350, "T", "SMD", "$1N581", "", "R", 31.751, 34.016, 0, 0, 0],
		[60, "R9_1", 1170, 860.34, "T", "SMD", "$1N11228", "", "R", 31.751, 34.016, 0, 0, 90],
		[61, "R9_2", 1170, 919.66, "T", "SMD", "12V", "", "R", 31.751, 34.016, 0, 0, 90],
		[62, "U2_1", 698.955, 89.3635, "T", "SMD", "+3.3V", "", "O", 14.331, 23.898, 0, 0, 90],
		[63, "U2_2", 698.955, 114.9535, "T", "SMD", "+3.3V", "", "O", 14.331, 23.898, 0, 0, 90],
		[64, "U2_3", 698.955, 140.5435, "T", "SMD", "GND", "GND", "O", 14.331, 23.898, 0, 0, 90],
		[65, "U2_4", 617.975, 140.5435, "T", "SMD", "$1N1712", "", "O", 14.331, 23.898, 0, 0, 90],
		[66, "U2_5", 617.975, 114.9535, "T", "SMD", "GND", "GND", "O", 14.331, 23.898, 0, 0, 90],
		[67, "U2_6", 617.975, 89.3635, "T", "SMD", "$1N1712", "", "O", 14.331, 23.898, 0, 0, 90],
		[68, "U2_7", 658.465, 114.9535, "T", "SMD", "GND", "GND", "R", 39.37, 62.992, 0, 0, 180],
		[69, "U3_1", 725, 437.3, "T", "SMD", "GND", "GND", "O", 23.701, 77.598, 0, 0, 0],
		[70, "U3_2", 775, 437.3, "T", "SMD", "$1N580", "", "O", 23.701, 77.598, 0, 0, 0],
		[71, "U3_3", 825, 437.3, "T", "SMD", "$1N581", "", "O", 23.701, 77.598, 0, 0, 0],
		[72, "U3_4", 875, 437.3, "T", "SMD", "+3.3V", "", "O", 23.701, 77.598, 0, 0, 0],
		[73, "U3_5", 925, 437.3, "T", "SMD", "D+", "", "O", 23.701, 77.598, 0, 0, 0],
		[74, "U3_6", 975, 437.3, "T", "SMD", "D-", "", "O", 23.701, 77.598, 0, 0, 0],
		[75, "U3_7", 1025, 437.3, "T", "SMD", "OSC_IN", "", "O", 23.701, 77.598, 0, 0, 0],
		[76, "U3_8", 1075, 437.3, "T", "SMD", "OSC_OUT", "", "O", 23.701, 77.598, 0, 0, 0],
		[77, "U3_9", 1075, 652.7, "T", "SMD", "NET_1", "", "O", 23.701, 77.598, 0, 0, 0],
		[78, "U3_10", 1025, 652.7, "T", "SMD", "NET_2", "", "O", 23.701, 77.598, 0, 0, 0],
		[79, "U3_11", 975, 652.7, "T", "SMD", "NET_3", "", "O", 23.701, 77.598, 0, 0, 0],
		[80, "U3_12", 925, 652.7, "T", "SMD", "NET_4", "", "O", 23.701, 77.598, 0, 0, 0],
		[81, "U3_13", 875, 652.7, "T", "SMD", "NET_5", "", "O", 23.701, 77.598, 0, 0, 0],
		[82, "U3_14", 825, 652.7, "T", "SMD", "NET_6", "", "O", 23.701, 77.598, 0, 0, 0],
		[83, "U3_15", 775, 652.7, "T", "SMD", "NET_7", "", "O", 23.701, 77.598, 0, 0, 0],
		[84, "U3_16", 725, 652.7, "T", "SMD", "+3.3V", "", "O", 23.701, 77.598, 0, 0, 0],
		[85, "USB1_1", 268.505, 355.985, "T", "SMD", "GND", "GND", "R", 21.654, 43.307, 0, 0, 270],
		[86, "USB1_2", 268.505, 324.485, "T", "SMD", "DC_5V", "", "R", 21.654, 43.307, 0, 0, 270],
		[87, "USB1_3", 268.505, 298.895, "T", "SMD", "NET_8", "", "R", 11.811, 43.307, 0, 0, 270],
		[88, "USB1_4", 268.505, 279.205, "T", "SMD", "$1N355", "", "R", 11.811, 43.307, 0, 0, 270],
		[89, "USB1_5", 268.505, 259.525, "T", "SMD", "D-", "", "R", 11.811, 43.307, 0, 0, 270],
		[90, "USB1_6", 268.505, 239.845, "T", "SMD", "D+", "", "R", 11.811, 43.307, 0, 0, 270],
		[91, "USB1_7", 268.505, 220.155, "T", "SMD", "D-", "", "R", 11.811, 43.307, 0, 0, 270],
		[92, "USB1_8", 268.505, 200.475, "T", "SMD", "D+", "", "R", 11.811, 43.307, 0, 0, 270],
		[93, "USB1_9", 268.505, 180.785, "T", "SMD", "NET_9", "", "R", 11.811, 43.307, 0, 0, 270],
		[94, "USB1_10", 268.505, 161.095, "T", "SMD", "$1N352", "", "R", 11.811, 43.307, 0, 0, 270],
		[95, "USB1_11", 268.505, 135.505, "T", "SMD", "DC_5V", "", "R", 21.654, 43.307, 0, 0, 270],
		[96, "USB1_12", 268.505, 104.015, "T", "SMD", "GND", "GND", "R", 21.654, 43.307, 0, 0, 270],
		[97, "USB1_13", 246.855, 400.275, "T", "DIP", "PGND", "", "O", 43.307, 78.74, 23.622, 59.055, 270],
		[98, "USB1_13", 246.855, 400.275, "B", "DIP", "PGND", "", "O", 43.307, 78.74, 23.622, 59.055, 270],
		[99, "USB1_13", 81.495, 400.275, "T", "DIP", "PGND", "", "O", 47.244, 70.866, 23.622, 47.244, 270],
		[100, "USB1_13", 81.495, 400.275, "B", "DIP", "PGND", "", "O", 47.244, 70.866, 23.622, 47.244, 270],
		[101, "USB1_14", 246.855, 59.725, "T", "DIP", "PGND", "", "O", 43.307, 78.74, 23.622, 59.056, 270],
		[102, "USB1_14", 246.855, 59.725, "B", "DIP", "PGND", "", "O", 43.307, 78.74, 23.622, 59.056, 270],
		[103, "USB1_14", 81.495, 59.725, "T", "DIP", "PGND", "", "O", 47.244, 70.866, 23.622, 47.244, 270],
		[104, "USB1_14", 81.495, 59.725, "B", "DIP", "PGND", "", "O", 47.244, 70.866, 23.622, 47.244, 270],
		[105, "X1_1", 1161.745, 251.015, "T", "SMD", "OSC_OUT", "", "R", 55.118, 47.244, 0, 0, 180],
		[106, "X1_2", 1075.125, 251.015, "T", "SMD", "GND", "GND", "R", 55.118, 47.244, 0, 0, 180],
		[107, "X1_3", 1075.125, 182.115, "T", "SMD", "OSC_IN", "", "R", 55.118, 47.244, 0, 0, 180],
		[108, "X1_4", 1161.745, 182.115, "T", "SMD", "GND", "GND", "R", 55.118, 47.244, 0, 0, 180],
		[109, "PAD1_6", 1523.74, 664.77, "T", "SMD", "PGND", "", "R", 47.244, 78.74, 0, 0, 90],
		[110, "PAD2_5", 1523.74, 885.23, "T", "SMD", "PGND", "", "R", 47.244, 78.74, 0, 0, 90],
		[111, "PAD3_4", 1366.26, 834.05, "T", "SMD", "PGND", "", "R", 23.622, 62.992, 0, 0, 90],
		[112, "PAD4_3", 1366.26, 794.68, "T", "SMD", "12V", "", "R", 23.622, 62.992, 0, 0, 90],
		[113, "PAD5_2", 1366.26, 755.32, "T", "SMD", "USART2_RX", "", "R", 23.622, 62.992, 0, 0, 90],
		[114, "PAD6_1", 1366.26, 715.95, "T", "SMD", "USART2_TX", "", "R", 23.622, 62.992, 0, 0, 90],
		[115, "PAD7_1", 1355.125, 383.105, "T", "SMD", "USART2_TX", "", "R", 33.465, 102.362, 0, 0, 90],
		[116, "PAD8_2", 1355.125, 324.055, "T", "SMD", "USART2_RX", "", "R", 33.465, 102.362, 0, 0, 90],
		[117, "PAD9_3", 1355.125, 264.995, "T", "SMD", "12V", "", "R", 33.465, 102.362, 0, 0, 90],
		[118, "PAD10_4", 1355.125, 205.945, "T", "SMD", "GND", "GND", "R", 33.465, 102.362, 0, 0, 90],
		[119, "PAD11_6", 1494.885, 70.115, "T", "SMD", "PGND", "", "R", 51.181, 74.803, 0, 0, 90],
		[120, "PAD12_7", 1494.885, 459.885, "T", "SMD", "PGND", "", "R", 51.181, 74.803, 0, 0, 90],
		[121, "PAD13_5", 1355.115, 146.885, "T", "SMD", "PGND", "", "R", 33.465, 102.362, 0, 0, 90],
		[122, "PAD14_1", 698.955, 89.3635, "T", "SMD", "+3.3V", "", "O", 14.331, 23.898, 0, 0, 90],
		[123, "PAD15_2", 698.955, 114.9535, "T", "SMD", "+3.3V", "", "O", 14.331, 23.898, 0, 0, 90],
		[124, "PAD16_3", 698.955, 140.5435, "T", "SMD", "GND", "GND", "O", 14.331, 23.898, 0, 0, 90],
		[125, "PAD17_4", 617.975, 140.5435, "T", "SMD", "$1N1712", "", "O", 14.331, 23.898, 0, 0, 90],
		[126, "PAD18_5", 617.975, 114.9535, "T", "SMD", "GND", "GND", "O", 14.331, 23.898, 0, 0, 90],
		[127, "PAD19_6", 617.975, 89.3635, "T", "SMD", "$1N1712", "", "O", 14.331, 23.898, 0, 0, 90],
		[128, "PAD20_7", 658.465, 114.9535, "T", "SMD", "GND", "GND", "R", 39.37, 62.992, 0, 0, 180],
		[129, "PAD21_1", 268.505, 355.985, "T", "SMD", "GND", "GND", "R", 21.654, 43.307, 0, 0, 270],
		[130, "PAD22_2", 268.505, 324.485, "T", "SMD", "DC_5V", "", "R", 21.654, 43.307, 0, 0, 270],
		[131, "PAD23_4", 268.505, 279.205, "T", "SMD", "$1N355", "", "R", 11.811, 43.307, 0, 0, 270],
		[132, "PAD24_5", 268.505, 259.525, "T", "SMD", "D-", "", "R", 11.811, 43.307, 0, 0, 270],
		[133, "PAD25_6", 268.505, 239.845, "T", "SMD", "D+", "", "R", 11.811, 43.307, 0, 0, 270],
		[134, "PAD26_7", 268.505, 220.155, "T", "SMD", "D-", "", "R", 11.811, 43.307, 0, 0, 270],
		[135, "PAD27_8", 268.505, 200.475, "T", "SMD", "D+", "", "R", 11.811, 43.307, 0, 0, 270],
		[136, "PAD28_10", 268.505, 161.095, "T", "SMD", "$1N352", "", "R", 11.811, 43.307, 0, 0, 270],
		[137, "PAD29_11", 268.505, 135.505, "T", "SMD", "DC_5V", "", "R", 21.654, 43.307, 0, 0, 270],
		[138, "PAD30_12", 268.505, 104.015, "T", "SMD", "GND", "GND", "R", 21.654, 43.307, 0, 0, 270],
		[139, "PAD31_13", 246.855, 400.275, "T", "DIP", "PGND", "", "O", 43.307, 78.74, 23.622, 59.055, 270],
		[140, "PAD31_13", 246.855, 400.275, "B", "DIP", "PGND", "", "O", 43.307, 78.74, 23.622, 59.055, 270],
		[141, "PAD32_14", 246.855, 59.725, "T", "DIP", "PGND", "", "O", 43.307, 78.74, 23.622, 59.056, 270],
		[142, "PAD32_14", 246.855, 59.725, "B", "DIP", "PGND", "", "O", 43.307, 78.74, 23.622, 59.056, 270],
		[143, "PAD33_13", 81.495, 400.275, "T", "DIP", "PGND", "", "O", 47.244, 70.866, 23.622, 47.244, 270],
		[144, "PAD33_13", 81.495, 400.275, "B", "DIP", "PGND", "", "O", 47.244, 70.866, 23.622, 47.244, 270],
		[145, "PAD34_14", 81.495, 59.725, "T", "DIP", "PGND", "", "O", 47.244, 70.866, 23.622, 47.244, 270],
		[146, "PAD34_14", 81.495, 59.725, "B", "DIP", "PGND", "", "O", 47.244, 70.866, 23.622, 47.244, 270],
		[147, "PAD35_2", 343.835, 80, "T", "SMD", "DC_5V", "", "R", 39.37, 29.528, 0, 0, 180],
		[148, "PAD36_1", 436.165, 80, "T", "SMD", "$1N1712", "", "R", 39.37, 29.528, 0, 0, 180],
		[149, "PAD37_2", 490, 142.56, "T", "SMD", "GND", "GND", "R", 31.496, 35.433, 0, 0, 90],
		[150, "PAD38_1", 490, 87.44, "T", "SMD", "$1N1712", "", "R", 31.496, 35.433, 0, 0, 90],
		[151, "PAD39_2", 560, 87.44, "T", "SMD", "$1N1712", "", "R", 31.496, 35.433, 0, 0, 270],
		[152, "PAD40_1", 560, 142.56, "T", "SMD", "GND", "GND", "R", 31.496, 35.433, 0, 0, 270],
		[153, "PAD41_2", 765, 102.44, "T", "SMD", "+3.3V", "", "R", 31.496, 35.433, 0, 0, 270],
		[154, "PAD42_1", 765, 157.56, "T", "SMD", "GND", "GND", "R", 31.496, 35.433, 0, 0, 270],
		[155, "PAD43_2", 845, 97.44, "T", "SMD", "+3.3V", "", "R", 31.496, 35.433, 0, 0, 270],
		[156, "PAD44_1", 845, 152.56, "T", "SMD", "GND", "GND", "R", 31.496, 35.433, 0, 0, 270],
		[157, "PAD45_2", 660, 582.56, "T", "SMD", "+3.3V", "", "R", 31.496, 35.433, 0, 0, 90],
		[158, "PAD46_1", 660, 527.44, "T", "SMD", "GND", "GND", "R", 31.496, 35.433, 0, 0, 90],
		[159, "PAD47_2", 715, 788.65, "T", "SMD", "GND", "GND", "R", 39.37, 55.1, 0, 0, 270],
		[160, "PAD48_1", 715, 871.35, "T", "SMD", "$1N2373", "", "R", 39.37, 55.1, 0, 0, 270],
		[161, "PAD49_2", 880, 783.65, "T", "SMD", "USART2_TX", "", "R", 39.37, 55.1, 0, 0, 270],
		[162, "PAD50_1", 880, 866.35, "T", "SMD", "$1N2600", "", "R", 39.37, 55.1, 0, 0, 270],
		[163, "PAD51_2", 1055, 788.65, "T", "SMD", "USART2_RX", "", "R", 39.37, 55.1, 0, 0, 270],
		[164, "PAD52_1", 1055, 871.35, "T", "SMD", "$1N2613", "", "R", 39.37, 55.1, 0, 0, 270],
		[165, "PAD53_2", 795, 805.34, "T", "SMD", "+3.3V", "", "R", 31.751, 34.016, 0, 0, 270],
		[166, "PAD54_1", 795, 864.66, "T", "SMD", "$1N2600", "", "R", 31.751, 34.016, 0, 0, 270],
		[167, "PAD55_2", 960, 805.34, "T", "SMD", "+3.3V", "", "R", 31.751, 34.016, 0, 0, 270],
		[168, "PAD56_1", 960, 864.66, "T", "SMD", "$1N2613", "", "R", 31.751, 34.016, 0, 0, 270],
		[169, "PAD57_2", 640, 810.34, "T", "SMD", "DC_5V", "", "R", 31.751, 34.016, 0, 0, 270],
		[170, "PAD58_1", 640, 869.66, "T", "SMD", "$1N2373", "", "R", 31.751, 34.016, 0, 0, 270],
		[171, "PAD59_2", 1189.895, 321.565, "T", "SMD", "GND", "GND", "R", 31.106, 21.26, 0, 0, 0],
		[172, "PAD60_1", 1146.975, 321.565, "T", "SMD", "OSC_OUT", "", "R", 31.106, 21.26, 0, 0, 0],
		[173, "PAD61_2", 1046.975, 321.565, "T", "SMD", "GND", "GND", "R", 31.106, 21.26, 0, 0, 180],
		[174, "PAD62_1", 1089.895, 321.565, "T", "SMD", "OSC_IN", "", "R", 31.106, 21.26, 0, 0, 180],
		[175, "PAD63_2", 365.34, 305, "T", "SMD", "$1N355", "", "R", 31.751, 34.016, 0, 0, 180],
		[176, "PAD64_1", 424.66, 305, "T", "SMD", "GND", "GND", "R", 31.751, 34.016, 0, 0, 180],
		[177, "PAD65_2", 360.34, 165, "T", "SMD", "$1N352", "", "R", 31.751, 34.016, 0, 0, 180],
		[178, "PAD66_1", 419.66, 165, "T", "SMD", "GND", "GND", "R", 31.751, 34.016, 0, 0, 180],
		[179, "PAD67_1", 725, 437.3, "T", "SMD", "GND", "GND", "O", 23.701, 77.598, 0, 0, 0],
		[180, "PAD68_2", 775, 437.3, "T", "SMD", "$1N580", "", "O", 23.701, 77.598, 0, 0, 0],
		[181, "PAD69_3", 825, 437.3, "T", "SMD", "$1N581", "", "O", 23.701, 77.598, 0, 0, 0],
		[182, "PAD70_4", 875, 437.3, "T", "SMD", "+3.3V", "", "O", 23.701, 77.598, 0, 0, 0],
		[183, "PAD71_5", 925, 437.3, "T", "SMD", "D+", "", "O", 23.701, 77.598, 0, 0, 0],
		[184, "PAD72_6", 975, 437.3, "T", "SMD", "D-", "", "O", 23.701, 77.598, 0, 0, 0],
		[185, "PAD73_7", 1025, 437.3, "T", "SMD", "OSC_IN", "", "O", 23.701, 77.598, 0, 0, 0],
		[186, "PAD74_8", 1075, 437.3, "T", "SMD", "OSC_OUT", "", "O", 23.701, 77.598, 0, 0, 0],
		[187, "PAD75_16", 725, 652.7, "T", "SMD", "+3.3V", "", "O", 23.701, 77.598, 0, 0, 0],
		[188, "PAD76_1", 1161.745, 251.015, "T", "SMD", "OSC_OUT", "", "R", 55.118, 47.244, 0, 0, 180],
		[189, "PAD77_2", 1075.125, 251.015, "T", "SMD", "GND", "GND", "R", 55.118, 47.244, 0, 0, 180],
		[190, "PAD78_3", 1075.125, 182.115, "T", "SMD", "OSC_IN", "", "R", 55.118, 47.244, 0, 0, 180],
		[191, "PAD79_4", 1161.745, 182.115, "T", "SMD", "GND", "GND", "R", 55.118, 47.244, 0, 0, 180],
		[192, "PAD80_2", 1145, 552.56, "T", "SMD", "GND", "GND", "R", 31.496, 35.433, 0, 0, 90],
		[193, "PAD81_1", 1145, 497.44, "T", "SMD", "+3.3V", "", "R", 31.496, 35.433, 0, 0, 90],
		[194, "PAD82_2", 594.66, 415, "T", "SMD", "$1N580", "", "R", 31.751, 34.016, 0, 0, 0],
		[195, "PAD83_1", 535.34, 415, "T", "SMD", "USART2_RX", "", "R", 31.751, 34.016, 0, 0, 0],
		[196, "PAD84_2", 594.66, 350, "T", "SMD", "$1N581", "", "R", 31.751, 34.016, 0, 0, 0],
		[197, "PAD85_1", 535.34, 350, "T", "SMD", "USART2_TX", "", "R", 31.751, 34.016, 0, 0, 0],
		[198, "PAD86_1", 129.921, 932.439, "T", "SMD", "12V", "", "R", 78.74, 82.677, 0, 0, 0],
		[199, "PAD87_2", 129.921, 487.561, "T", "SMD", "PGND", "", "R", 74.803, 98.425, 0, 0, 0],
		[200, "PAD88_3", 370.078, 497.404, "T", "SMD", "PGND", "", "R", 78.74, 78.74, 0, 0, 0],
		[201, "PAD89_1", 366.141, 932.439, "T", "SMD", "12V", "", "R", 78.74, 82.677, 0, 0, 0],
		[202, "PAD90_2", 1250, 818.65, "T", "SMD", "PGND", "", "R", 39.37, 55.1, 0, 0, 270],
		[203, "PAD91_1", 1250, 901.35, "T", "SMD", "$1N11228", "", "R", 39.37, 55.1, 0, 0, 270],
		[204, "PAD92_2", 1170, 919.66, "T", "SMD", "12V", "", "R", 31.751, 34.016, 0, 0, 90],
		[205, "PAD93_1", 1170, 860.34, "T", "SMD", "$1N11228", "", "R", 31.751, 34.016, 0, 0, 90],
		[206, "PAD94_1", 1242.445, 55, "T", "SMD", "GND", "GND", "R", 31.496, 34.016, 0, 0, 180],
		[207, "PAD95_2", 1297.555, 55, "T", "SMD", "PGND", "", "R", 31.496, 34.016, 0, 0, 180]
	]
}
}